feature_1,feature_2,t
-0.32877564,-0.32877564,0.0
0.38651043,-2.0915911,1.3962634015954636
-2.799019,2.2817812,2.792526803190927
-2.226556,-2.226556,4.1887902047863905
4.577384,1.0376087,5.585053606381854
4.941899,1.1202375,6.981317007977318
-3.752916,-3.752916,8.377580409572781
-9.585939,7.814529,9.773843811168245
1.9973309,-10.808504,11.170107212763709
12.7991,12.7991,12.566370614359172
